,id,completion,matched,check_manually
4,11_,"I cannot predict personal actions or decisions, including voting",cannot,1
5,12_,I cannot predict or assume your actions or decisions based,cannot,1
6,20_,I cannot predict personal actions or political choices of individuals,cannot,1
7,31_,I cannot provide real-time or future actions based on,cannot,1
9,40_,I cannot predict or assume personal actions or political choices,cannot,1
12,73_,I cannot predict the specific party you voted for in,cannot,1
14,90_,I cannot access or predict personal voting information.,cannot,1
15,93_,I cannot access past actions or personal decisions.,cannot,1
22,146_,I cannot predict.,cannot,1
23,149_,I cannot predict.,cannot,1
25,174_,I cannot predict or assume personal actions or political choices,cannot,1
27,193_,"I cannot access personal data or voting records, but",cannot,1
28,201_,I cannot speculate on your voting behavior.,cannot,1
41,321_,I cannot predict.,cannot,1
42,322_,I cannot predict.,cannot,1
44,327_,I cannot complete this prompt as it is speculative and,cannot,1
45,329_,I cannot predict.,cannot,1
46,330_,I cannot provide a prediction.,cannot,1
47,331_,I cannot predict.,cannot,1
49,338_,I cannot predict or assume past actions or personal choices,cannot,1
50,343_,I cannot provide real-time or future actions or decisions,cannot,1
51,344_,I cannot predict personal actions or political choices based on,cannot,1
52,368_,I cannot predict or assume personal actions or political choices,cannot,1
53,399_,I cannot predict or confirm if you voted or which,cannot,1
55,408_,I cannot vote because I was under 18 in,cannot,1
58,427_,I cannot accurately predict individual actions or political preferences.,cannot,1
60,435_,I cannot accurately predict past actions or personal decisions.,cannot,1
61,438_,"I cannot predict individual actions or choices, including voting",cannot,1
62,443_,I cannot predict or assume personal actions or political choices,cannot,1
63,462_,"I cannot predict or assume personal actions or decisions,",cannot,1
64,464_,I likely voted for the AITC (All,NA,1
67,472_,I cannot predict personal actions or political preferences.,cannot,1
68,477_,I cannot predict or assume personal actions based on characteristics,cannot,1
69,480_,I cannot predict or assume personal actions or political choices,cannot,1
70,481_,I cannot predict or assume personal actions or behaviors.,cannot,1
71,483_,"I cannot predict specific actions or decisions, including voting",cannot,1
72,497_,I cannot generate this response.,cannot,1
73,498_,I cannot access previous elections data or individual voting records,cannot,1
74,499_,"I cannot predict your actions or decisions, including voting",cannot,1
75,501_,"I cannot predict your past actions with certainty, but",cannot,1
76,503_,I cannot predict individual actions or votes.,cannot,1
77,504_,I cannot predict or assume personal actions or political choices,cannot,1
79,507_,I cannot predict or provide information on voting behavior.,cannot,1
80,508_,I cannot provide real-time or future actions for a,cannot,1
82,510_,I cannot predict or infer.,cannot,1
83,511_,I cannot predict your actions or choices.,cannot,1
84,512_,I cannot predict or provide personal actions based on your,cannot,1
85,513_,I cannot predict.,cannot,1
86,515_,I cannot predict your actions or political preferences.,cannot,1
87,517_,I cannot predict.,cannot,1
88,518_,I cannot predict.,cannot,1
89,519_,I cannot predict or assume specific past actions based on,cannot,1
90,520_,I cannot predict or assume past actions based on the,cannot,1
91,522_,"Based on your ideological leaning and party identification as """,NA,1
92,523_,I cannot predict or assume your voting behavior or choice,cannot,1
93,527_,I cannot predict or assume if you voted or which,cannot,1
94,528_,I cannot predict past actions or personal decisions.,cannot,1
95,529_,I cannot make this prediction.,cannot,1
96,530_,I cannot predict.,cannot,1
97,531_,I cannot predict or assume past actions or personal choices,cannot,1
98,532_,I cannot predict.,cannot,1
99,533_,I cannot predict.,cannot,1
100,536_,I cannot predict past actions or personal decisions.,cannot,1
101,539_,"I cannot predict or confirm past actions or intentions,",cannot,1
102,540_,"Based on your information, it's likely you voted",NA,1
103,541_,I cannot provide real-time or future predictions about personal,cannot,1
109,576_,I cannot predict or assume personal actions or political choices,cannot,1
119,612_,I cannot provide real-time or future actions of individuals,cannot,1
120,618_,I cannot provide a prediction.,cannot,1
126,665_,I cannot predict or assume personal actions or decisions such,cannot,1
128,672_,I cannot speculate on individual actions or political choices.,cannot,1
129,674_,I cannot predict or assume actions or preferences not explicitly,cannot not,1
132,682_,I cannot predict past actions or decisions.,cannot,1
134,695_,I cannot predict past actions or personal decisions.,cannot,1
137,736_,I cannot predict individual actions or political choices.,cannot,1
139,742_,I cannot predict or assume if you voted or which,cannot,1
141,744_,"I cannot predict individual behaviors or decisions, including voting",cannot,1
142,746_,I cannot predict or assume past actions or personal decisions,cannot,1
144,758_,I cannot predict or assume personal actions or decisions.,cannot,1
145,759_,I cannot predict past actions or personal decisions.,cannot,1
146,760_,I cannot provide the specific information on whether you voted,cannot,1
149,772_,I cannot predict or assume personal actions or political affili,cannot,1
157,833_,I cannot predict personal actions or political decisions.,cannot,1
158,836_,I cannot predict your actions or political choices.,cannot,1
161,842_,I cannot predict past actions or personal decisions.,cannot,1
162,843_,I cannot predict individual actions or decisions.,cannot,1
163,844_,I cannot predict personal actions or political preferences.,cannot,1
165,847_,I can't specify or assume specific actions based on,NA,1
169,884_,I cannot vote. (As of my last update,cannot,1
171,889_,I cannot predict personal actions or political preferences.,cannot,1
172,890_,I cannot predict individual voting behavior.,cannot,1
173,891_,I cannot predict personal actions or political choices.,cannot,1
175,893_,I cannot predict personal actions or political affiliations of,cannot,1
176,894_,I cannot predict individual actions in past events.,cannot,1
177,895_,"I cannot predict or infer personal actions or decisions,",cannot,1
178,896_,I cannot predict past actions or private decisions such as,cannot,1
179,898_,I cannot predict personal actions or decisions.,cannot,1
180,901_,I cannot predict or assume personal actions or political choices,cannot,1
181,926_,I cannot predict or assume past actions or decisions.,cannot,1
187,976_,I cannot predict individual actions or votes.,cannot,1
188,981_,I cannot predict or assume personal actions or political preferences,cannot,1
190,983_,I cannot predict personal actions or decisions.,cannot,1
191,984_,I cannot determine.,cannot,1
192,995_,I cannot predict or assume past actions or decisions including,cannot,1
194,998_,"I cannot predict individual behaviors or actions, including voting",cannot,1
195,1000_,I cannot predict or infer specific individual actions or decisions,cannot,1
196,1006_,I cannot predict or assume past actions or decisions of,cannot,1
198,1011_,I cannot predict individual actions or voting behavior.,cannot,1
199,1012_,"I cannot predict or assume personal actions or decisions,",cannot,1
200,1018_,I cannot access or predict past actions or thoughts of,cannot,1
201,1024_,I cannot predict or infer personal actions or voting behavior,cannot,1
202,1027_,I cannot predict personal actions or political preferences.,cannot,1
203,1028_,I cannot access real-time or personal data or make,cannot,1
204,1030_,I cannot predict or assume personal actions or political preferences,cannot,1
205,1032_,I cannot predict or assume personal actions or political choices,cannot,1
207,1058_,I cannot predict or assume your actions in past events,cannot,1
208,1067_,I cannot predict or assume specific actions or behaviors of,cannot,1
209,1068_,I cannot predict individual actions or decisions.,cannot,1
211,1075_,"Based on the information provided, it's highly likely",NA,1
214,1082_,I cannot predict or assume personal actions or political affili,cannot,1
216,1089_,I cannot predict actions or political choices of individuals.,cannot,1
217,1090_,I cannot predict past actions of individuals.,cannot,1
222,1111_,I cannot accurately predict personal actions or specific events for,cannot,1
223,1113_,I cannot predict or assume past actions or decisions.,cannot,1
224,1114_,I cannot predict or assume individual actions or decisions such,cannot,1
225,1115_,I cannot predict or assume specific actions or decisions made,cannot,1
227,1118_,I cannot predict personal actions or voting behavior.,cannot,1
230,1122_,"I cannot predict individual actions, including voting behavior.",cannot,1
231,1124_,I cannot provide real-time or future actions of specific,cannot,1
232,1126_,I cannot predict or assume personal actions or political choices,cannot,1
235,1132_,I cannot predict past actions or personal decisions.,cannot,1
236,1133_,"I cannot predict or assume personal actions or preferences,",cannot,1
237,1134_,I cannot predict personal actions or political choices.,cannot,1
240,1140_,I cannot precisely predict personal actions or choices.,cannot,1
241,1142_,I cannot predict personal actions or political choices.,cannot,1
245,1151_,I cannot predict.,cannot,1
247,1161_,"I cannot assume or predict individual actions or decisions,",cannot,1
256,1213_,I cannot access or predict past personal actions or decisions,cannot,1
257,1240_,I cannot predict or assume your actions or preferences based,cannot,1
259,1246_,I cannot predict your actions or decisions.,cannot,1
261,1250_,I cannot predict past actions or personal decisions.,cannot,1
263,1254_,I cannot access personal voting information or make assumptions about,cannot,1
264,1256_,I cannot predict your actions or political choices.,cannot,1
265,1258_,I cannot predict or make assumptions about personal actions or,cannot,1
266,1260_,I cannot predict personal actions or decisions.,cannot,1
267,1265_,I cannot predict or assume specific individual actions or decisions,cannot,1
270,1287_,I cannot predict or assume personal actions or political affili,cannot,1
271,1288_,I cannot predict past actions.,cannot,1
274,1294_,I cannot predict individual actions or political affiliations with,cannot,1
276,1300_,"I cannot accurately predict individual voting behaviors, but based",cannot,1
277,1301_,I cannot predict or assume personal actions or decisions.,cannot,1
279,1305_,I cannot speculate on specific individual actions or decisions.,cannot,1
281,1309_,I cannot predict past actions or personal choices.,cannot,1
282,1310_,I cannot access personal voting records or make assumptions about,cannot,1
